<?xml version="1.0" encoding="UTF-8" standalone="yes"?>
<!--

    Copyright (c) 1997, 2019 Oracle and/or its affiliates. All rights reserved.

    This program and the accompanying materials are made available under the
    terms of the Eclipse Distribution License v. 1.0, which is available at
    http://www.eclipse.org/org/documents/edl-v10.php.

    SPDX-License-Identifier: BSD-3-Clause

-->

<bindings xmlns:xsd="http://www.w3.org/2001/XMLSchema"
    xmlns:wsdl="http://schemas.xmlsoap.org/wsdl/"
    wsdlLocation="http://localhost:8080/jaxws-efficient_handler/addnumbers?wsdl"
    xmlns="http://java.sun.com/xml/ns/jaxws">
    <bindings node="wsdl:definitions" xmlns:jws="http://java.sun.com/xml/ns/javaee">
        <jws:handler-chains>
            <jws:handler-chain>
                <jws:handler>
                    <jws:handler-class>efficient_handler.common.LoggingHandler</jws:handler-class>
                </jws:handler>
            </jws:handler-chain>
        </jws:handler-chains>
    </bindings>
</bindings>
